month,demo_age_5_17,demo_age_17_,adult_ratio
3,975297,10169053,0.9124850709103717
4,198588,1315962,0.8688798653065267
5,204893,1361394,0.8691855324088114
6,197767,1487795,0.8826699937468927
7,288449,1932266,0.8701098520071239
9,770340,6551801,0.8947930666727123
10,478940,4530829,0.904398785652592
11,820786,8564652,0.9125468624905945
12,925509,8507900,0.9018902922580798
